sentiment,avg_pnl,median_pnl,avg_risk,total_volume,win_rate
Extreme Fear,46.65468000344675,0.0,4655.631679058001,233514389.71901828,41.06799940912896
Extreme Greed,43.10981790876249,0.0,6009.880943346946,149253315.21948904,41.076095311299
Fear,49.771293538246226,0.0,4641.01015098003,342116516.08231646,41.133793414088764
Greed,52.03265368909751,0.0,4115.478066666197,282502215.071777,41.073682549700216
Neutral,48.804347432138464,0.0,4221.942075248691,183801005.5255264,41.312777830322524
